Name|Username|Password
philanderers|philanderers|philanderers7@!
anchorwoman|anchorwoman|anchorwoman3@!
addenda|addenda|addenda5@!
Newark|newark|Newark7@!
razzing|razzing|razzing2@!
halt's|halts|halts9@!
gallantly|gallantly|gallantly4@!
lobotomy|lobotomy|lobotomy6@!
rage's|rages|rages5@!
doggoned|doggoned|doggoned3@!
GHz|ghz|GHz7@!
pugnacity|pugnacity|pugnacity2@!
celebrant's|celebrants|celebrants8@!
since|since|since5@!
epiglottis's|epiglottiss|epiglottiss3@!
receipts|receipts|receipts4@!
Thad|thad|Thad5@!
Stonehenge|stonehenge|Stonehenge4@!
informs|informs|informs2@!
omega's|omegas|omegas2@!
lager's|lagers|lagers1@!
sleekly|sleekly|sleekly8@!
wateriest|wateriest|wateriest6@!
esoteric|esoteric|esoteric5@!
appearance|appearance|appearance4@!
philosophize|philosophize|philosophize1@!
factual|factual|factual7@!
hyena's|hyenas|hyenas4@!
dementia|dementia|dementia9@!
Baudouin's|baudouins|Baudouins2@!
ensues|ensues|ensues4@!
marketer|marketer|marketer8@!
parcels|parcels|parcels4@!
serapes|serapes|serapes7@!
Amway's|amways|Amways1@!
jigsaws|jigsaws|jigsaws5@!
monopolization|monopolization|monopolization5@!
ceramic's|ceramics|ceramics5@!
basely|basely|basely3@!
sundry|sundry|sundry8@!
Gross|gross|Gross1@!
engraver|engraver|engraver4@!
unwashed|unwashed|unwashed6@!
fashionable|fashionable|fashionable7@!
Berg|berg|Berg2@!
crews|crews|crews2@!
crude|crude|crude5@!
boon's|boons|boons4@!
vaporizers|vaporizers|vaporizers4@!
Chandragupta's|chandraguptas|Chandraguptas7@!
capaciousness's|capaciousnesss|capaciousnesss6@!
burglarizing|burglarizing|burglarizing9@!
modulating|modulating|modulating8@!
militarist|militarist|militarist2@!
wolfs|wolfs|wolfs4@!
NW's|nws|NWs5@!
taxed|taxed|taxed9@!
paddles|paddles|paddles1@!
Oglethorpe|oglethorpe|Oglethorpe8@!
cons|cons|cons6@!
Annabelle|annabelle|Annabelle3@!
horsewhip|horsewhip|horsewhip1@!
maneuvers|maneuvers|maneuvers9@!
partizan|partizan|partizan2@!
Erse's|erses|Erses9@!
gnu|gnu|gnu2@!
supposing|supposing|supposing5@!
amazement|amazement|amazement5@!
peat's|peats|peats6@!
associates|associates|associates3@!
brutalize|brutalize|brutalize4@!
perceivable|perceivable|perceivable6@!
devastate|devastate|devastate7@!
complexion|complexion|complexion1@!
mugged|mugged|mugged7@!
cosignatories|cosignatories|cosignatories4@!
complimenting|complimenting|complimenting5@!
sampan's|sampans|sampans3@!
girlfriend's|girlfriends|girlfriends4@!
mastiff's|mastiffs|mastiffs6@!
mirror's|mirrors|mirrors2@!
gymnosperms|gymnosperms|gymnosperms5@!
yep|yep|yep8@!
numeracy|numeracy|numeracy7@!
flimflam's|flimflams|flimflams2@!
dizziness's|dizzinesss|dizzinesss2@!
apex's|apexs|apexs4@!
unappreciated|unappreciated|unappreciated5@!
overreaction's|overreactions|overreactions3@!
brethren|brethren|brethren7@!
cutest|cutest|cutest9@!
hypertext's|hypertexts|hypertexts5@!
homeopathy|homeopathy|homeopathy4@!
dugout's|dugouts|dugouts7@!
yahoos|yahoos|yahoos6@!
Steinem's|steinems|Steinems9@!
tossed|tossed|tossed1@!
hurray|hurray|hurray6@!
Marquette|marquette|Marquette6@!
invariably|invariably|invariably9@!
